"LOCATION","Country","TRANSACT","Transaction","MEASURE","Measure","TIME","Year","Unit Code","Unit","PowerCode Code","PowerCode","Reference Period Code","Reference Period","Value","Flag Codes","Flags"
"AUS","Australia","B1_GA","Gross domestic product (output approach)","CXC","Current prices, current exchange rates","2010","2010","USD","US Dollar","6","Millions",,,1299463.0764,,
"AUS","Australia","B1_GA","Gross domestic product (output approach)","CXC","Current prices, current exchange rates","2011","2011","USD","US Dollar","6","Millions",,,1546688.9281,,
"AUS","Australia","B1_GA","Gross domestic product (output approach)","CXC","Current prices, current exchange rates","2012","2012","USD","US Dollar","6","Millions",,,1590707.559,,
"AUS","Australia","B1_GA","Gross domestic product (output approach)","CXC","Current prices, current exchange rates","2013","2013","USD","US Dollar","6","Millions",,,1543216.3475,,
"AUS","Australia","B1_GA","Gross domestic product (output approach)","CXC","Current prices, current exchange rates","2014","2014","USD","US Dollar","6","Millions",,,1464256.1283,,
"AUS","Australia","B1_GA","Gross domestic product (output approach)","CXC","Current prices, current exchange rates","2015","2015","USD","US Dollar","6","Millions",,,1248853.7005,,
"AUS","Australia","B1_GA","Gross domestic product (output approach)","CXC","Current prices, current exchange rates","2016","2016","USD","US Dollar","6","Millions",,,1311696.155,,
"AUS","Australia","B1_GA","Gross domestic product (output approach)","CXC","Current prices, current exchange rates","2017","2017","USD","US Dollar","6","Millions",,,1416105.4321,,
"AUT","Austria","B1_GA","Gross domestic product (output approach)","CXC","Current prices, current exchange rates","2010","2010","USD","US Dollar","6","Millions",,,391892.7465,,
"AUT","Austria","B1_GA","Gross domestic product (output approach)","CXC","Current prices, current exchange rates","2011","2011","USD","US Dollar","6","Millions",,,431120.3101,,
"AUT","Austria","B1_GA","Gross domestic product (output approach)","CXC","Current prices, current exchange rates","2012","2012","USD","US Dollar","6","Millions",,,409425.2342,,
"AUT","Austria","B1_GA","Gross domestic product (output approach)","CXC","Current prices, current exchange rates","2013","2013","USD","US Dollar","6","Millions",,,430068.713,,
"AUT","Austria","B1_GA","Gross domestic product (output approach)","CXC","Current prices, current exchange rates","2014","2014","USD","US Dollar","6","Millions",,,441996.1317,,
"AUT","Austria","B1_GA","Gross domestic product (output approach)","CXC","Current prices, current exchange rates","2015","2015","USD","US Dollar","6","Millions",,,381817.5659,,
"AUT","Austria","B1_GA","Gross domestic product (output approach)","CXC","Current prices, current exchange rates","2016","2016","USD","US Dollar","6","Millions",,,395227.6841,,
"AUT","Austria","B1_GA","Gross domestic product (output approach)","CXC","Current prices, current exchange rates","2017","2017","USD","US Dollar","6","Millions",,,417282.9008,,
"AUT","Austria","B1_GA","Gross domestic product (output approach)","CXC","Current prices, current exchange rates","2018","2018","USD","US Dollar","6","Millions",,,455285.818,,
"BEL","Belgium","B1_GA","Gross domestic product (output approach)","CXC","Current prices, current exchange rates","2010","2010","USD","US Dollar","6","Millions",,,480951.6295,,
"BEL","Belgium","B1_GA","Gross domestic product (output approach)","CXC","Current prices, current exchange rates","2011","2011","USD","US Dollar","6","Millions",,,522645.5192,,
"BEL","Belgium","B1_GA","Gross domestic product (output approach)","CXC","Current prices, current exchange rates","2012","2012","USD","US Dollar","6","Millions",,,496181.2603,,
"BEL","Belgium","B1_GA","Gross domestic product (output approach)","CXC","Current prices, current exchange rates","2013","2013","USD","US Dollar","6","Millions",,,521642.7144,,
"BEL","Belgium","B1_GA","Gross domestic product (output approach)","CXC","Current prices, current exchange rates","2014","2014","USD","US Dollar","6","Millions",,,534678.0758,,
"BEL","Belgium","B1_GA","Gross domestic product (output approach)","CXC","Current prices, current exchange rates","2015","2015","USD","US Dollar","6","Millions",,,462149.6793,,
"BEL","Belgium","B1_GA","Gross domestic product (output approach)","CXC","Current prices, current exchange rates","2016","2016","USD","US Dollar","6","Millions",,,476056.8331,,
"BEL","Belgium","B1_GA","Gross domestic product (output approach)","CXC","Current prices, current exchange rates","2017","2017","USD","US Dollar","6","Millions",,,503004.5044,,
"BEL","Belgium","B1_GA","Gross domestic product (output approach)","CXC","Current prices, current exchange rates","2018","2018","USD","US Dollar","6","Millions",,,542761.0921,,
"CAN","Canada","B1_GA","Gross domestic product (output approach)","CXC","Current prices, current exchange rates","2010","2010","USD","US Dollar","6","Millions",,,1613464.4228,,
"CAN","Canada","B1_GA","Gross domestic product (output approach)","CXC","Current prices, current exchange rates","2011","2011","USD","US Dollar","6","Millions",,,1788647.906,,
"CAN","Canada","B1_GA","Gross domestic product (output approach)","CXC","Current prices, current exchange rates","2012","2012","USD","US Dollar","6","Millions",,,1824288.7574,,
"CAN","Canada","B1_GA","Gross domestic product (output approach)","CXC","Current prices, current exchange rates","2013","2013","USD","US Dollar","6","Millions",,,1842628.0058,,
"CAN","Canada","B1_GA","Gross domestic product (output approach)","CXC","Current prices, current exchange rates","2014","2014","USD","US Dollar","6","Millions",,,1799268.6959,,
"CAN","Canada","B1_GA","Gross domestic product (output approach)","CXC","Current prices, current exchange rates","2015","2015","USD","US Dollar","6","Millions",,,1552521.5129,,
"CAN","Canada","B1_GA","Gross domestic product (output approach)","CXC","Current prices, current exchange rates","2016","2016","USD","US Dollar","6","Millions",,,1526953.7916,,
"CAN","Canada","B1_GA","Gross domestic product (output approach)","CXC","Current prices, current exchange rates","2017","2017","USD","US Dollar","6","Millions",,,1647120.1754,,
"CZE","Czech Republic","B1_GA","Gross domestic product (output approach)","CXC","Current prices, current exchange rates","2010","2010","USD","US Dollar","6","Millions",,,207477.8579,,
"CZE","Czech Republic","B1_GA","Gross domestic product (output approach)","CXC","Current prices, current exchange rates","2011","2011","USD","US Dollar","6","Millions",,,227948.3497,,
"CZE","Czech Republic","B1_GA","Gross domestic product (output approach)","CXC","Current prices, current exchange rates","2012","2012","USD","US Dollar","6","Millions",,,207376.427,,
"CZE","Czech Republic","B1_GA","Gross domestic product (output approach)","CXC","Current prices, current exchange rates","2013","2013","USD","US Dollar","6","Millions",,,209402.445,,
"CZE","Czech Republic","B1_GA","Gross domestic product (output approach)","CXC","Current prices, current exchange rates","2014","2014","USD","US Dollar","6","Millions",,,207818.3307,,
"CZE","Czech Republic","B1_GA","Gross domestic product (output approach)","CXC","Current prices, current exchange rates","2015","2015","USD","US Dollar","6","Millions",,,186829.9405,,
"CZE","Czech Republic","B1_GA","Gross domestic product (output approach)","CXC","Current prices, current exchange rates","2016","2016","USD","US Dollar","6","Millions",,,195090.2724,,
"CZE","Czech Republic","B1_GA","Gross domestic product (output approach)","CXC","Current prices, current exchange rates","2017","2017","USD","US Dollar","6","Millions",,,215913.545,,
"CZE","Czech Republic","B1_GA","Gross domestic product (output approach)","CXC","Current prices, current exchange rates","2018","2018","USD","US Dollar","6","Millions",,,245225.8829,,
"DNK","Denmark","B1_GA","Gross domestic product (output approach)","CXC","Current prices, current exchange rates","2010","2010","USD","US Dollar","6","Millions",,,321995.2794,,
"DNK","Denmark","B1_GA","Gross domestic product (output approach)","CXC","Current prices, current exchange rates","2011","2011","USD","US Dollar","6","Millions",,,344003.1376,,
"DNK","Denmark","B1_GA","Gross domestic product (output approach)","CXC","Current prices, current exchange rates","2012","2012","USD","US Dollar","6","Millions",,,327148.9438,,
"DNK","Denmark","B1_GA","Gross domestic product (output approach)","CXC","Current prices, current exchange rates","2013","2013","USD","US Dollar","6","Millions",,,343584.3916,,
"DNK","Denmark","B1_GA","Gross domestic product (output approach)","CXC","Current prices, current exchange rates","2014","2014","USD","US Dollar","6","Millions",,,352993.6316,,
"DNK","Denmark","B1_GA","Gross domestic product (output approach)","CXC","Current prices, current exchange rates","2015","2015","USD","US Dollar","6","Millions",,,302673.0688,,
"DNK","Denmark","B1_GA","Gross domestic product (output approach)","CXC","Current prices, current exchange rates","2016","2016","USD","US Dollar","6","Millions",,,311988.1193,,
"DNK","Denmark","B1_GA","Gross domestic product (output approach)","CXC","Current prices, current exchange rates","2017","2017","USD","US Dollar","6","Millions",,,329865.5538,,
"DNK","Denmark","B1_GA","Gross domestic product (output approach)","CXC","Current prices, current exchange rates","2018","2018","USD","US Dollar","6","Millions",,,352058.4105,,
"FIN","Finland","B1_GA","Gross domestic product (output approach)","CXC","Current prices, current exchange rates","2010","2010","USD","US Dollar","6","Millions",,,249181.1905,,
"FIN","Finland","B1_GA","Gross domestic product (output approach)","CXC","Current prices, current exchange rates","2011","2011","USD","US Dollar","6","Millions",,,275243.6978,,
"FIN","Finland","B1_GA","Gross domestic product (output approach)","CXC","Current prices, current exchange rates","2012","2012","USD","US Dollar","6","Millions",,,258304.8346,,
"FIN","Finland","B1_GA","Gross domestic product (output approach)","CXC","Current prices, current exchange rates","2013","2013","USD","US Dollar","6","Millions",,,271285.2806,,
"FIN","Finland","B1_GA","Gross domestic product (output approach)","CXC","Current prices, current exchange rates","2014","2014","USD","US Dollar","6","Millions",,,274497.2308,,
"FIN","Finland","B1_GA","Gross domestic product (output approach)","CXC","Current prices, current exchange rates","2015","2015","USD","US Dollar","6","Millions",,,234585.3687,,
"FIN","Finland","B1_GA","Gross domestic product (output approach)","CXC","Current prices, current exchange rates","2016","2016","USD","US Dollar","6","Millions",,,240570.2979,,
"FIN","Finland","B1_GA","Gross domestic product (output approach)","CXC","Current prices, current exchange rates","2017","2017","USD","US Dollar","6","Millions",,,254435.0419,,
"FIN","Finland","B1_GA","Gross domestic product (output approach)","CXC","Current prices, current exchange rates","2018","2018","USD","US Dollar","6","Millions",,,276743.1205,,
"FRA","France","B1_GA","Gross domestic product (output approach)","CXC","Current prices, current exchange rates","2010","2010","USD","US Dollar","6","Millions",,,2642609.5489,,
"FRA","France","B1_GA","Gross domestic product (output approach)","CXC","Current prices, current exchange rates","2011","2011","USD","US Dollar","6","Millions",,,2861408.1703,,
"FRA","France","B1_GA","Gross domestic product (output approach)","CXC","Current prices, current exchange rates","2012","2012","USD","US Dollar","6","Millions",,,2683825.2251,,
"FRA","France","B1_GA","Gross domestic product (output approach)","CXC","Current prices, current exchange rates","2013","2013","USD","US Dollar","6","Millions",,,2811077.7257,,
"FRA","France","B1_GA","Gross domestic product (output approach)","CXC","Current prices, current exchange rates","2014","2014","USD","US Dollar","6","Millions",,,2852165.7606,,
"FRA","France","B1_GA","Gross domestic product (output approach)","CXC","Current prices, current exchange rates","2015","2015","USD","US Dollar","6","Millions",,,2438207.8963,,
"FRA","France","B1_GA","Gross domestic product (output approach)","CXC","Current prices, current exchange rates","2016","2016","USD","US Dollar","6","Millions",,,2471285.6071,,
"FRA","France","B1_GA","Gross domestic product (output approach)","CXC","Current prices, current exchange rates","2017","2017","USD","US Dollar","6","Millions",,,2586285.4066,"P","Provisional value"
"FRA","France","B1_GA","Gross domestic product (output approach)","CXC","Current prices, current exchange rates","2018","2018","USD","US Dollar","6","Millions",,,2777535.2393,"P","Provisional value"
"DEU","Germany","B1_GA","Gross domestic product (output approach)","CXC","Current prices, current exchange rates","2010","2010","USD","US Dollar","6","Millions",,,3396354.0757,,
"DEU","Germany","B1_GA","Gross domestic product (output approach)","CXC","Current prices, current exchange rates","2011","2011","USD","US Dollar","6","Millions",,,3744408.6027,,
"DEU","Germany","B1_GA","Gross domestic product (output approach)","CXC","Current prices, current exchange rates","2012","2012","USD","US Dollar","6","Millions",,,3527344.9441,,
"DEU","Germany","B1_GA","Gross domestic product (output approach)","CXC","Current prices, current exchange rates","2013","2013","USD","US Dollar","6","Millions",,,3732743.4462,,
"DEU","Germany","B1_GA","Gross domestic product (output approach)","CXC","Current prices, current exchange rates","2014","2014","USD","US Dollar","6","Millions",,,3883920.1553,,
"DEU","Germany","B1_GA","Gross domestic product (output approach)","CXC","Current prices, current exchange rates","2015","2015","USD","US Dollar","6","Millions",,,3360549.9739,,
"DEU","Germany","B1_GA","Gross domestic product (output approach)","CXC","Current prices, current exchange rates","2016","2016","USD","US Dollar","6","Millions",,,3466790.065,,
"DEU","Germany","B1_GA","Gross domestic product (output approach)","CXC","Current prices, current exchange rates","2017","2017","USD","US Dollar","6","Millions",,,3656749.4145,,
"DEU","Germany","B1_GA","Gross domestic product (output approach)","CXC","Current prices, current exchange rates","2018","2018","USD","US Dollar","6","Millions",,,3947620.1625,,
"GRC","Greece","B1_GA","Gross domestic product (output approach)","CXC","Current prices, current exchange rates","2010","2010","USD","US Dollar","6","Millions",,,299361.5766,,
"GRC","Greece","B1_GA","Gross domestic product (output approach)","CXC","Current prices, current exchange rates","2011","2011","USD","US Dollar","6","Millions",,,287797.8221,"P","Provisional value"
"GRC","Greece","B1_GA","Gross domestic product (output approach)","CXC","Current prices, current exchange rates","2012","2012","USD","US Dollar","6","Millions",,,245670.6667,"P","Provisional value"
"GRC","Greece","B1_GA","Gross domestic product (output approach)","CXC","Current prices, current exchange rates","2013","2013","USD","US Dollar","6","Millions",,,239862.0114,"P","Provisional value"
"GRC","Greece","B1_GA","Gross domestic product (output approach)","CXC","Current prices, current exchange rates","2014","2014","USD","US Dollar","6","Millions",,,237029.5793,"P","Provisional value"
"GRC","Greece","B1_GA","Gross domestic product (output approach)","CXC","Current prices, current exchange rates","2015","2015","USD","US Dollar","6","Millions",,,196591.3538,"P","Provisional value"
"GRC","Greece","B1_GA","Gross domestic product (output approach)","CXC","Current prices, current exchange rates","2016","2016","USD","US Dollar","6","Millions",,,195222.4435,"P","Provisional value"
"GRC","Greece","B1_GA","Gross domestic product (output approach)","CXC","Current prices, current exchange rates","2017","2017","USD","US Dollar","6","Millions",,,203085.5514,"P","Provisional value"
"GRC","Greece","B1_GA","Gross domestic product (output approach)","CXC","Current prices, current exchange rates","2018","2018","USD","US Dollar","6","Millions",,,218031.8446,"P","Provisional value"
"LUX","Luxembourg","B1_GA","Gross domestic product (output approach)","CXC","Current prices, current exchange rates","2010","2010","USD","US Dollar","6","Millions",,,53212.4768,,
"LUX","Luxembourg","B1_GA","Gross domestic product (output approach)","CXC","Current prices, current exchange rates","2011","2011","USD","US Dollar","6","Millions",,,60004.6302,,
"LUX","Luxembourg","B1_GA","Gross domestic product (output approach)","CXC","Current prices, current exchange rates","2012","2012","USD","US Dollar","6","Millions",,,56677.9618,,
"LUX","Luxembourg","B1_GA","Gross domestic product (output approach)","CXC","Current prices, current exchange rates","2013","2013","USD","US Dollar","6","Millions",,,61739.3522,,
"LUX","Luxembourg","B1_GA","Gross domestic product (output approach)","CXC","Current prices, current exchange rates","2014","2014","USD","US Dollar","6","Millions",,,66103.8532,,
"LUX","Luxembourg","B1_GA","Gross domestic product (output approach)","CXC","Current prices, current exchange rates","2015","2015","USD","US Dollar","6","Millions",,,57744.458,,
"LUX","Luxembourg","B1_GA","Gross domestic product (output approach)","CXC","Current prices, current exchange rates","2016","2016","USD","US Dollar","6","Millions",,,60691.4834,,
"LUX","Luxembourg","B1_GA","Gross domestic product (output approach)","CXC","Current prices, current exchange rates","2017","2017","USD","US Dollar","6","Millions",,,64023.4123,,
"LUX","Luxembourg","B1_GA","Gross domestic product (output approach)","CXC","Current prices, current exchange rates","2018","2018","USD","US Dollar","6","Millions",,,70885.3259,,
"MEX","Mexico","B1_GA","Gross domestic product (output approach)","CXC","Current prices, current exchange rates","2010","2010","USD","US Dollar","6","Millions",,,1057800.598,,
"MEX","Mexico","B1_GA","Gross domestic product (output approach)","CXC","Current prices, current exchange rates","2011","2011","USD","US Dollar","6","Millions",,,1180487.2264,,
"MEX","Mexico","B1_GA","Gross domestic product (output approach)","CXC","Current prices, current exchange rates","2012","2012","USD","US Dollar","6","Millions",,,1201093.7871,,
"MEX","Mexico","B1_GA","Gross domestic product (output approach)","CXC","Current prices, current exchange rates","2013","2013","USD","US Dollar","6","Millions",,,1274443.9163,,
"MEX","Mexico","B1_GA","Gross domestic product (output approach)","CXC","Current prices, current exchange rates","2014","2014","USD","US Dollar","6","Millions",,,1314568.9122,,
"MEX","Mexico","B1_GA","Gross domestic product (output approach)","CXC","Current prices, current exchange rates","2015","2015","USD","US Dollar","6","Millions",,,1170567.082,,
"MEX","Mexico","B1_GA","Gross domestic product (output approach)","CXC","Current prices, current exchange rates","2016","2016","USD","US Dollar","6","Millions",,,1077830.3505,"P","Provisional value"
"MEX","Mexico","B1_GA","Gross domestic product (output approach)","CXC","Current prices, current exchange rates","2017","2017","USD","US Dollar","6","Millions",,,1158229.0752,"P","Provisional value"
"PRT","Portugal","B1_GA","Gross domestic product (output approach)","CXC","Current prices, current exchange rates","2010","2010","USD","US Dollar","6","Millions",,,237880.9083,,
"PRT","Portugal","B1_GA","Gross domestic product (output approach)","CXC","Current prices, current exchange rates","2011","2011","USD","US Dollar","6","Millions",,,244797.2266,,
"PRT","Portugal","B1_GA","Gross domestic product (output approach)","CXC","Current prices, current exchange rates","2012","2012","USD","US Dollar","6","Millions",,,216236.6088,,
"PRT","Portugal","B1_GA","Gross domestic product (output approach)","CXC","Current prices, current exchange rates","2013","2013","USD","US Dollar","6","Millions",,,226369.5021,,
"PRT","Portugal","B1_GA","Gross domestic product (output approach)","CXC","Current prices, current exchange rates","2014","2014","USD","US Dollar","6","Millions",,,229596.1708,,
"PRT","Portugal","B1_GA","Gross domestic product (output approach)","CXC","Current prices, current exchange rates","2015","2015","USD","US Dollar","6","Millions",,,199313.8943,,
"PRT","Portugal","B1_GA","Gross domestic product (output approach)","CXC","Current prices, current exchange rates","2016","2016","USD","US Dollar","6","Millions",,,206286.0228,,
"PRT","Portugal","B1_GA","Gross domestic product (output approach)","CXC","Current prices, current exchange rates","2017","2017","USD","US Dollar","6","Millions",,,220811.1105,,
"PRT","Portugal","B1_GA","Gross domestic product (output approach)","CXC","Current prices, current exchange rates","2018","2018","USD","US Dollar","6","Millions",,,240674.5245,"P","Provisional value"
"ESP","Spain","B1_GA","Gross domestic product (output approach)","CXC","Current prices, current exchange rates","2010","2010","USD","US Dollar","6","Millions",,,1420722.0341,,
"ESP","Spain","B1_GA","Gross domestic product (output approach)","CXC","Current prices, current exchange rates","2011","2011","USD","US Dollar","6","Millions",,,1478772.8242,,
"ESP","Spain","B1_GA","Gross domestic product (output approach)","CXC","Current prices, current exchange rates","2012","2012","USD","US Dollar","6","Millions",,,1324820.0912,,
"ESP","Spain","B1_GA","Gross domestic product (output approach)","CXC","Current prices, current exchange rates","2013","2013","USD","US Dollar","6","Millions",,,1354757.4332,,
"ESP","Spain","B1_GA","Gross domestic product (output approach)","CXC","Current prices, current exchange rates","2014","2014","USD","US Dollar","6","Millions",,,1369398.8446,,
"ESP","Spain","B1_GA","Gross domestic product (output approach)","CXC","Current prices, current exchange rates","2015","2015","USD","US Dollar","6","Millions",,,1195119.27,,
"ESP","Spain","B1_GA","Gross domestic product (output approach)","CXC","Current prices, current exchange rates","2016","2016","USD","US Dollar","6","Millions",,,1232076.0174,,
"ESP","Spain","B1_GA","Gross domestic product (output approach)","CXC","Current prices, current exchange rates","2017","2017","USD","US Dollar","6","Millions",,,1309309.6423,"P","Provisional value"
"ESP","Spain","B1_GA","Gross domestic product (output approach)","CXC","Current prices, current exchange rates","2018","2018","USD","US Dollar","6","Millions",,,1419041.9499,"P","Provisional value"
"SWE","Sweden","B1_GA","Gross domestic product (output approach)","CXC","Current prices, current exchange rates","2010","2010","USD","US Dollar","6","Millions",,,495328.6201,,
"SWE","Sweden","B1_GA","Gross domestic product (output approach)","CXC","Current prices, current exchange rates","2011","2011","USD","US Dollar","6","Millions",,,572744.0026,,
"SWE","Sweden","B1_GA","Gross domestic product (output approach)","CXC","Current prices, current exchange rates","2012","2012","USD","US Dollar","6","Millions",,,550926.9782,,
"SWE","Sweden","B1_GA","Gross domestic product (output approach)","CXC","Current prices, current exchange rates","2013","2013","USD","US Dollar","6","Millions",,,584637.7901,,
"SWE","Sweden","B1_GA","Gross domestic product (output approach)","CXC","Current prices, current exchange rates","2014","2014","USD","US Dollar","6","Millions",,,580249.3446,,
"SWE","Sweden","B1_GA","Gross domestic product (output approach)","CXC","Current prices, current exchange rates","2015","2015","USD","US Dollar","6","Millions",,,503650.6419,,
"SWE","Sweden","B1_GA","Gross domestic product (output approach)","CXC","Current prices, current exchange rates","2016","2016","USD","US Dollar","6","Millions",,,515744.3702,,
"SWE","Sweden","B1_GA","Gross domestic product (output approach)","CXC","Current prices, current exchange rates","2017","2017","USD","US Dollar","6","Millions",,,540545.2364,,
"SWE","Sweden","B1_GA","Gross domestic product (output approach)","CXC","Current prices, current exchange rates","2018","2018","USD","US Dollar","6","Millions",,,556072.684,,
"CHE","Switzerland","B1_GA","Gross domestic product (output approach)","CXC","Current prices, current exchange rates","2010","2010","USD","US Dollar","6","Millions",,,583783.3964,,
"CHE","Switzerland","B1_GA","Gross domestic product (output approach)","CXC","Current prices, current exchange rates","2011","2011","USD","US Dollar","6","Millions",,,699579.5022,,
"CHE","Switzerland","B1_GA","Gross domestic product (output approach)","CXC","Current prices, current exchange rates","2012","2012","USD","US Dollar","6","Millions",,,668043.4761,,
"CHE","Switzerland","B1_GA","Gross domestic product (output approach)","CXC","Current prices, current exchange rates","2013","2013","USD","US Dollar","6","Millions",,,688504.2155,,
"CHE","Switzerland","B1_GA","Gross domestic product (output approach)","CXC","Current prices, current exchange rates","2014","2014","USD","US Dollar","6","Millions",,,709182.1834,,
"CHE","Switzerland","B1_GA","Gross domestic product (output approach)","CXC","Current prices, current exchange rates","2015","2015","USD","US Dollar","6","Millions",,,679832.3918,,
"CHE","Switzerland","B1_GA","Gross domestic product (output approach)","CXC","Current prices, current exchange rates","2016","2016","USD","US Dollar","6","Millions",,,671308.8727,,
"CHE","Switzerland","B1_GA","Gross domestic product (output approach)","CXC","Current prices, current exchange rates","2017","2017","USD","US Dollar","6","Millions",,,679950.9153,"P","Provisional value"
"CHE","Switzerland","B1_GA","Gross domestic product (output approach)","CXC","Current prices, current exchange rates","2018","2018","USD","US Dollar","6","Millions",,,705140.3542,"P","Provisional value"
"GBR","United Kingdom","B1_GA","Gross domestic product (output approach)","CXC","Current prices, current exchange rates","2010","2010","USD","US Dollar","6","Millions",,,2475244.3214,,
"GBR","United Kingdom","B1_GA","Gross domestic product (output approach)","CXC","Current prices, current exchange rates","2011","2011","USD","US Dollar","6","Millions",,,2659310.0546,,
"GBR","United Kingdom","B1_GA","Gross domestic product (output approach)","CXC","Current prices, current exchange rates","2012","2012","USD","US Dollar","6","Millions",,,2704887.6784,,
"GBR","United Kingdom","B1_GA","Gross domestic product (output approach)","CXC","Current prices, current exchange rates","2013","2013","USD","US Dollar","6","Millions",,,2786022.8727,,
"GBR","United Kingdom","B1_GA","Gross domestic product (output approach)","CXC","Current prices, current exchange rates","2014","2014","USD","US Dollar","6","Millions",,,3063803.2402,,
"GBR","United Kingdom","B1_GA","Gross domestic product (output approach)","CXC","Current prices, current exchange rates","2015","2015","USD","US Dollar","6","Millions",,,2928591.002,,
"GBR","United Kingdom","B1_GA","Gross domestic product (output approach)","CXC","Current prices, current exchange rates","2016","2016","USD","US Dollar","6","Millions",,,2694283.2096,,
"GBR","United Kingdom","B1_GA","Gross domestic product (output approach)","CXC","Current prices, current exchange rates","2017","2017","USD","US Dollar","6","Millions",,,2666229.18,,
"GBR","United Kingdom","B1_GA","Gross domestic product (output approach)","CXC","Current prices, current exchange rates","2018","2018","USD","US Dollar","6","Millions",,,2855296.7315,,
"EST","Estonia","B1_GA","Gross domestic product (output approach)","CXC","Current prices, current exchange rates","2010","2010","USD","US Dollar","6","Millions",,,19696.7681,,
"EST","Estonia","B1_GA","Gross domestic product (output approach)","CXC","Current prices, current exchange rates","2011","2011","USD","US Dollar","6","Millions",,,23394.8435,,
"EST","Estonia","B1_GA","Gross domestic product (output approach)","CXC","Current prices, current exchange rates","2012","2012","USD","US Dollar","6","Millions",,,23192.7092,,
"EST","Estonia","B1_GA","Gross domestic product (output approach)","CXC","Current prices, current exchange rates","2013","2013","USD","US Dollar","6","Millions",,,25271.4073,,
"EST","Estonia","B1_GA","Gross domestic product (output approach)","CXC","Current prices, current exchange rates","2014","2014","USD","US Dollar","6","Millions",,,26773.473,,
"EST","Estonia","B1_GA","Gross domestic product (output approach)","CXC","Current prices, current exchange rates","2015","2015","USD","US Dollar","6","Millions",,,23048.8642,,
"EST","Estonia","B1_GA","Gross domestic product (output approach)","CXC","Current prices, current exchange rates","2016","2016","USD","US Dollar","6","Millions",,,23996.4515,,
"EST","Estonia","B1_GA","Gross domestic product (output approach)","CXC","Current prices, current exchange rates","2017","2017","USD","US Dollar","6","Millions",,,26792.7578,,
"EST","Estonia","B1_GA","Gross domestic product (output approach)","CXC","Current prices, current exchange rates","2018","2018","USD","US Dollar","6","Millions",,,30732.1445,,
"CHN","China (People's Republic of)","B1_GA","Gross domestic product (output approach)","CXC","Current prices, current exchange rates","2010","2010","USD","US Dollar","6","Millions",,,6087192.3738,,
"CHN","China (People's Republic of)","B1_GA","Gross domestic product (output approach)","CXC","Current prices, current exchange rates","2011","2011","USD","US Dollar","6","Millions",,,7551545.6232,,
"CHN","China (People's Republic of)","B1_GA","Gross domestic product (output approach)","CXC","Current prices, current exchange rates","2012","2012","USD","US Dollar","6","Millions",,,8532186.3529,,
"CHN","China (People's Republic of)","B1_GA","Gross domestic product (output approach)","CXC","Current prices, current exchange rates","2013","2013","USD","US Dollar","6","Millions",,,9570470.1003,,
"CHN","China (People's Republic of)","B1_GA","Gross domestic product (output approach)","CXC","Current prices, current exchange rates","2014","2014","USD","US Dollar","6","Millions",,,10438471.2221,,
"CHN","China (People's Republic of)","B1_GA","Gross domestic product (output approach)","CXC","Current prices, current exchange rates","2015","2015","USD","US Dollar","6","Millions",,,11015562.3883,,
"CHN","China (People's Republic of)","B1_GA","Gross domestic product (output approach)","CXC","Current prices, current exchange rates","2016","2016","USD","US Dollar","6","Millions",,,11137982.8332,,
"CHN","China (People's Republic of)","B1_GA","Gross domestic product (output approach)","CXC","Current prices, current exchange rates","2017","2017","USD","US Dollar","6","Millions",,,12143572.1448,,
"CHN","China (People's Republic of)","B1_GA","Gross domestic product (output approach)","CXC","Current prices, current exchange rates","2018","2018","USD","US Dollar","6","Millions",,,13608151.8647,,
"RUS","Russia","B1_GA","Gross domestic product (output approach)","CXC","Current prices, current exchange rates","2010","2010","USD","US Dollar","6","Millions",,,1642494.3303,"E","Estimated value"
"RUS","Russia","B1_GA","Gross domestic product (output approach)","CXC","Current prices, current exchange rates","2011","2011","USD","US Dollar","6","Millions",,,2051658.8433,,
"RUS","Russia","B1_GA","Gross domestic product (output approach)","CXC","Current prices, current exchange rates","2012","2012","USD","US Dollar","6","Millions",,,2210254.7301,,
"RUS","Russia","B1_GA","Gross domestic product (output approach)","CXC","Current prices, current exchange rates","2013","2013","USD","US Dollar","6","Millions",,,2297124.8902,,
"RUS","Russia","B1_GA","Gross domestic product (output approach)","CXC","Current prices, current exchange rates","2014","2014","USD","US Dollar","6","Millions",,,2063662.2811,,
"RUS","Russia","B1_GA","Gross domestic product (output approach)","CXC","Current prices, current exchange rates","2015","2015","USD","US Dollar","6","Millions",,,1365865.2451,,
"RUS","Russia","B1_GA","Gross domestic product (output approach)","CXC","Current prices, current exchange rates","2016","2016","USD","US Dollar","6","Millions",,,1283162.3481,,
"CHL","Chile","B1_GA","Gross domestic product (output approach)","CXC","Current prices, current exchange rates","2010","2010","USD","US Dollar","6","Millions",,,218537.5655,,
"CHL","Chile","B1_GA","Gross domestic product (output approach)","CXC","Current prices, current exchange rates","2011","2011","USD","US Dollar","6","Millions",,,252251.9921,,
"CHL","Chile","B1_GA","Gross domestic product (output approach)","CXC","Current prices, current exchange rates","2012","2012","USD","US Dollar","6","Millions",,,267122.3182,,
"CHL","Chile","B1_GA","Gross domestic product (output approach)","CXC","Current prices, current exchange rates","2013","2013","USD","US Dollar","6","Millions",,,278384.3453,,
"CHL","Chile","B1_GA","Gross domestic product (output approach)","CXC","Current prices, current exchange rates","2014","2014","USD","US Dollar","6","Millions",,,260541.63,,
"CHL","Chile","B1_GA","Gross domestic product (output approach)","CXC","Current prices, current exchange rates","2015","2015","USD","US Dollar","6","Millions",,,243919.0853,,
"CHL","Chile","B1_GA","Gross domestic product (output approach)","CXC","Current prices, current exchange rates","2016","2016","USD","US Dollar","6","Millions",,,250339.8632,,
"CHL","Chile","B1_GA","Gross domestic product (output approach)","CXC","Current prices, current exchange rates","2017","2017","USD","US Dollar","6","Millions",,,277746.461,,
"CHL","Chile","B1_GA","Gross domestic product (output approach)","CXC","Current prices, current exchange rates","2018","2018","USD","US Dollar","6","Millions",,,298231.1336,,
"SVK","Slovak Republic","B1_GA","Gross domestic product (output approach)","CXC","Current prices, current exchange rates","2010","2010","USD","US Dollar","6","Millions",,,90183.9868,,
"SVK","Slovak Republic","B1_GA","Gross domestic product (output approach)","CXC","Current prices, current exchange rates","2011","2011","USD","US Dollar","6","Millions",,,98997.5212,,
"SVK","Slovak Republic","B1_GA","Gross domestic product (output approach)","CXC","Current prices, current exchange rates","2012","2012","USD","US Dollar","6","Millions",,,94416.5825,,
"SVK","Slovak Republic","B1_GA","Gross domestic product (output approach)","CXC","Current prices, current exchange rates","2013","2013","USD","US Dollar","6","Millions",,,98723.9441,,
"SVK","Slovak Republic","B1_GA","Gross domestic product (output approach)","CXC","Current prices, current exchange rates","2014","2014","USD","US Dollar","6","Millions",,,101171.2171,,
"SVK","Slovak Republic","B1_GA","Gross domestic product (output approach)","CXC","Current prices, current exchange rates","2015","2015","USD","US Dollar","6","Millions",,,88457.1677,,
"SVK","Slovak Republic","B1_GA","Gross domestic product (output approach)","CXC","Current prices, current exchange rates","2016","2016","USD","US Dollar","6","Millions",,,89640.7413,,
"SVK","Slovak Republic","B1_GA","Gross domestic product (output approach)","CXC","Current prices, current exchange rates","2017","2017","USD","US Dollar","6","Millions",,,95241.4364,,
"SVK","Slovak Republic","B1_GA","Gross domestic product (output approach)","CXC","Current prices, current exchange rates","2018","2018","USD","US Dollar","6","Millions",,,105904.6322,,
"NZL","New Zealand","B1_GA","Gross domestic product (output approach)","CXC","Current prices, current exchange rates","2010","2010","USD","US Dollar","6","Millions",,,146583.8315,,
"NZL","New Zealand","B1_GA","Gross domestic product (output approach)","CXC","Current prices, current exchange rates","2011","2011","USD","US Dollar","6","Millions",,,168461.9987,,
"NZL","New Zealand","B1_GA","Gross domestic product (output approach)","CXC","Current prices, current exchange rates","2012","2012","USD","US Dollar","6","Millions",,,176193.6967,,
"NZL","New Zealand","B1_GA","Gross domestic product (output approach)","CXC","Current prices, current exchange rates","2013","2013","USD","US Dollar","6","Millions",,,190784.3847,,
"NZL","New Zealand","B1_GA","Gross domestic product (output approach)","CXC","Current prices, current exchange rates","2014","2014","USD","US Dollar","6","Millions",,,200834.0016,,
"NZL","New Zealand","B1_GA","Gross domestic product (output approach)","CXC","Current prices, current exchange rates","2015","2015","USD","US Dollar","6","Millions",,,177208.1103,,
"NZL","New Zealand","B1_GA","Gross domestic product (output approach)","CXC","Current prices, current exchange rates","2016","2016","USD","US Dollar","6","Millions",,,187854.0227,,
"IRL","Ireland","B1_GA","Gross domestic product (output approach)","CXC","Current prices, current exchange rates","2010","2010","USD","US Dollar","6","Millions",,,222148.7573,,
"IRL","Ireland","B1_GA","Gross domestic product (output approach)","CXC","Current prices, current exchange rates","2011","2011","USD","US Dollar","6","Millions",,,237472.3619,,
"IRL","Ireland","B1_GA","Gross domestic product (output approach)","CXC","Current prices, current exchange rates","2012","2012","USD","US Dollar","6","Millions",,,224999.4841,,
"IRL","Ireland","B1_GA","Gross domestic product (output approach)","CXC","Current prices, current exchange rates","2013","2013","USD","US Dollar","6","Millions",,,238543.5388,,
"IRL","Ireland","B1_GA","Gross domestic product (output approach)","CXC","Current prices, current exchange rates","2014","2014","USD","US Dollar","6","Millions",,,258471.8851,,
"IRL","Ireland","B1_GA","Gross domestic product (output approach)","CXC","Current prices, current exchange rates","2015","2015","USD","US Dollar","6","Millions",,,291499.8121,,
"IRL","Ireland","B1_GA","Gross domestic product (output approach)","CXC","Current prices, current exchange rates","2016","2016","USD","US Dollar","6","Millions",,,300523.2978,,
"IRL","Ireland","B1_GA","Gross domestic product (output approach)","CXC","Current prices, current exchange rates","2017","2017","USD","US Dollar","6","Millions",,,334834.0105,,
"IRL","Ireland","B1_GA","Gross domestic product (output approach)","CXC","Current prices, current exchange rates","2018","2018","USD","US Dollar","6","Millions",,,382487.4906,,
"HUN","Hungary","B1_GA","Gross domestic product (output approach)","CXC","Current prices, current exchange rates","2010","2010","USD","US Dollar","6","Millions",,,131135.5612,,
"HUN","Hungary","B1_GA","Gross domestic product (output approach)","CXC","Current prices, current exchange rates","2011","2011","USD","US Dollar","6","Millions",,,141109.577,,
"HUN","Hungary","B1_GA","Gross domestic product (output approach)","CXC","Current prices, current exchange rates","2012","2012","USD","US Dollar","6","Millions",,,128153.6918,,
"HUN","Hungary","B1_GA","Gross domestic product (output approach)","CXC","Current prices, current exchange rates","2013","2013","USD","US Dollar","6","Millions",,,135409.048,,
"HUN","Hungary","B1_GA","Gross domestic product (output approach)","CXC","Current prices, current exchange rates","2014","2014","USD","US Dollar","6","Millions",,,140558.7865,,
"HUN","Hungary","B1_GA","Gross domestic product (output approach)","CXC","Current prices, current exchange rates","2015","2015","USD","US Dollar","6","Millions",,,124529.7414,,
"HUN","Hungary","B1_GA","Gross domestic product (output approach)","CXC","Current prices, current exchange rates","2016","2016","USD","US Dollar","6","Millions",,,127507.4736,,
"HUN","Hungary","B1_GA","Gross domestic product (output approach)","CXC","Current prices, current exchange rates","2017","2017","USD","US Dollar","6","Millions",,,141510.583,,
"HUN","Hungary","B1_GA","Gross domestic product (output approach)","CXC","Current prices, current exchange rates","2018","2018","USD","US Dollar","6","Millions",,,157882.9128,,
"POL","Poland","B1_GA","Gross domestic product (output approach)","CXC","Current prices, current exchange rates","2010","2010","USD","US Dollar","6","Millions",,,479321.4606,,
"POL","Poland","B1_GA","Gross domestic product (output approach)","CXC","Current prices, current exchange rates","2011","2011","USD","US Dollar","6","Millions",,,528823.658,,
"POL","Poland","B1_GA","Gross domestic product (output approach)","CXC","Current prices, current exchange rates","2012","2012","USD","US Dollar","6","Millions",,,500354.4148,,
"POL","Poland","B1_GA","Gross domestic product (output approach)","CXC","Current prices, current exchange rates","2013","2013","USD","US Dollar","6","Millions",,,524231.5582,,
"POL","Poland","B1_GA","Gross domestic product (output approach)","CXC","Current prices, current exchange rates","2014","2014","USD","US Dollar","6","Millions",,,545381.9229,,
"POL","Poland","B1_GA","Gross domestic product (output approach)","CXC","Current prices, current exchange rates","2015","2015","USD","US Dollar","6","Millions",,,477581.3768,,
"POL","Poland","B1_GA","Gross domestic product (output approach)","CXC","Current prices, current exchange rates","2016","2016","USD","US Dollar","6","Millions",,,472039.1263,,
"POL","Poland","B1_GA","Gross domestic product (output approach)","CXC","Current prices, current exchange rates","2017","2017","USD","US Dollar","6","Millions",,,526376.1686,,
"POL","Poland","B1_GA","Gross domestic product (output approach)","CXC","Current prices, current exchange rates","2018","2018","USD","US Dollar","6","Millions",,,585661.1122,,
"IDN","Indonesia","B1_GA","Gross domestic product (output approach)","CXC","Current prices, current exchange rates","2010","2010","USD","US Dollar","6","Millions",,,755094.1576,,
"IDN","Indonesia","B1_GA","Gross domestic product (output approach)","CXC","Current prices, current exchange rates","2011","2011","USD","US Dollar","6","Millions",,,892969.1045,,
"IDN","Indonesia","B1_GA","Gross domestic product (output approach)","CXC","Current prices, current exchange rates","2012","2012","USD","US Dollar","6","Millions",,,917869.9134,,
"IDN","Indonesia","B1_GA","Gross domestic product (output approach)","CXC","Current prices, current exchange rates","2013","2013","USD","US Dollar","6","Millions",,,912524.1367,,
"IDN","Indonesia","B1_GA","Gross domestic product (output approach)","CXC","Current prices, current exchange rates","2014","2014","USD","US Dollar","6","Millions",,,890814.7555,,
"IDN","Indonesia","B1_GA","Gross domestic product (output approach)","CXC","Current prices, current exchange rates","2015","2015","USD","US Dollar","6","Millions",,,860854.2327,,
"IDN","Indonesia","B1_GA","Gross domestic product (output approach)","CXC","Current prices, current exchange rates","2016","2016","USD","US Dollar","6","Millions",,,931877.364,,
"IDN","Indonesia","B1_GA","Gross domestic product (output approach)","CXC","Current prices, current exchange rates","2017","2017","USD","US Dollar","6","Millions",,,1015423.4574,,
"IDN","Indonesia","B1_GA","Gross domestic product (output approach)","CXC","Current prices, current exchange rates","2018","2018","USD","US Dollar","6","Millions",,,1042173.3026,,
"IND","India","B1_GA","Gross domestic product (output approach)","CXC","Current prices, current exchange rates","2010","2010","USD","US Dollar","6","Millions",,,1650689.4247,"E","Estimated value"
"IND","India","B1_GA","Gross domestic product (output approach)","CXC","Current prices, current exchange rates","2011","2011","USD","US Dollar","6","Millions",,,1871918.0105,,
"IND","India","B1_GA","Gross domestic product (output approach)","CXC","Current prices, current exchange rates","2012","2012","USD","US Dollar","6","Millions",,,1860877.2356,,
"IND","India","B1_GA","Gross domestic product (output approach)","CXC","Current prices, current exchange rates","2013","2013","USD","US Dollar","6","Millions",,,1917053.6957,,
"IND","India","B1_GA","Gross domestic product (output approach)","CXC","Current prices, current exchange rates","2014","2014","USD","US Dollar","6","Millions",,,2042939.2897,,
"IND","India","B1_GA","Gross domestic product (output approach)","CXC","Current prices, current exchange rates","2015","2015","USD","US Dollar","6","Millions",,,2145537.0345,,
"IND","India","B1_GA","Gross domestic product (output approach)","CXC","Current prices, current exchange rates","2016","2016","USD","US Dollar","6","Millions",,,2270056.1806,,
"IND","India","B1_GA","Gross domestic product (output approach)","CXC","Current prices, current exchange rates","2017","2017","USD","US Dollar","6","Millions",,,2575666.6108,"E","Estimated value"
"KOR","Korea","B1_GA","Gross domestic product (output approach)","CXC","Current prices, current exchange rates","2010","2010","USD","US Dollar","6","Millions",,,1094499.3502,,
"KOR","Korea","B1_GA","Gross domestic product (output approach)","CXC","Current prices, current exchange rates","2011","2011","USD","US Dollar","6","Millions",,,1202463.6555,,
"KOR","Korea","B1_GA","Gross domestic product (output approach)","CXC","Current prices, current exchange rates","2012","2012","USD","US Dollar","6","Millions",,,1222807.2562,,
"KOR","Korea","B1_GA","Gross domestic product (output approach)","CXC","Current prices, current exchange rates","2013","2013","USD","US Dollar","6","Millions",,,1305604.9614,,
"KOR","Korea","B1_GA","Gross domestic product (output approach)","CXC","Current prices, current exchange rates","2014","2014","USD","US Dollar","6","Millions",,,1411333.8815,,
"KOR","Korea","B1_GA","Gross domestic product (output approach)","CXC","Current prices, current exchange rates","2015","2015","USD","US Dollar","6","Millions",,,1382764.0271,,
"KOR","Korea","B1_GA","Gross domestic product (output approach)","CXC","Current prices, current exchange rates","2016","2016","USD","US Dollar","6","Millions",,,1414804.1158,,
"KOR","Korea","B1_GA","Gross domestic product (output approach)","CXC","Current prices, current exchange rates","2017","2017","USD","US Dollar","6","Millions",,,1530750.8944,"P","Provisional value"
"JPN","Japan","B1_GA","Gross domestic product (output approach)","CXC","Current prices, current exchange rates","2010","2010","USD","US Dollar","6","Millions",,,5700098.1147,,
"JPN","Japan","B1_GA","Gross domestic product (output approach)","CXC","Current prices, current exchange rates","2011","2011","USD","US Dollar","6","Millions",,,6157459.5948,,
"JPN","Japan","B1_GA","Gross domestic product (output approach)","CXC","Current prices, current exchange rates","2012","2012","USD","US Dollar","6","Millions",,,6203213.1213,,
"JPN","Japan","B1_GA","Gross domestic product (output approach)","CXC","Current prices, current exchange rates","2013","2013","USD","US Dollar","6","Millions",,,5155717.0563,,
"JPN","Japan","B1_GA","Gross domestic product (output approach)","CXC","Current prices, current exchange rates","2014","2014","USD","US Dollar","6","Millions",,,4850413.536,,
"JPN","Japan","B1_GA","Gross domestic product (output approach)","CXC","Current prices, current exchange rates","2015","2015","USD","US Dollar","6","Millions",,,4389475.6226,,
"JPN","Japan","B1_GA","Gross domestic product (output approach)","CXC","Current prices, current exchange rates","2016","2016","USD","US Dollar","6","Millions",,,4926667.0874,,
"JPN","Japan","B1_GA","Gross domestic product (output approach)","CXC","Current prices, current exchange rates","2017","2017","USD","US Dollar","6","Millions",,,4859950.5585,,
"SVN","Slovenia","B1_GA","Gross domestic product (output approach)","CXC","Current prices, current exchange rates","2010","2010","USD","US Dollar","6","Millions",,,48161.251,,
"SVN","Slovenia","B1_GA","Gross domestic product (output approach)","CXC","Current prices, current exchange rates","2011","2011","USD","US Dollar","6","Millions",,,51516.3673,,
"SVN","Slovenia","B1_GA","Gross domestic product (output approach)","CXC","Current prices, current exchange rates","2012","2012","USD","US Dollar","6","Millions",,,46580.4575,,
"SVN","Slovenia","B1_GA","Gross domestic product (output approach)","CXC","Current prices, current exchange rates","2013","2013","USD","US Dollar","6","Millions",,,48401.8964,,
"SVN","Slovenia","B1_GA","Gross domestic product (output approach)","CXC","Current prices, current exchange rates","2014","2014","USD","US Dollar","6","Millions",,,49930.685,,
"SVN","Slovenia","B1_GA","Gross domestic product (output approach)","CXC","Current prices, current exchange rates","2015","2015","USD","US Dollar","6","Millions",,,43090.1731,,
"SVN","Slovenia","B1_GA","Gross domestic product (output approach)","CXC","Current prices, current exchange rates","2016","2016","USD","US Dollar","6","Millions",,,44651.5373,,
"SVN","Slovenia","B1_GA","Gross domestic product (output approach)","CXC","Current prices, current exchange rates","2017","2017","USD","US Dollar","6","Millions",,,48441.7228,,
"SVN","Slovenia","B1_GA","Gross domestic product (output approach)","CXC","Current prices, current exchange rates","2018","2018","USD","US Dollar","6","Millions",,,54007.9722,,
"ISL","Iceland","B1_GA","Gross domestic product (output approach)","CXC","Current prices, current exchange rates","2010","2010","USD","US Dollar","6","Millions",,,13683.6898,,
"ISL","Iceland","B1_GA","Gross domestic product (output approach)","CXC","Current prices, current exchange rates","2011","2011","USD","US Dollar","6","Millions",,,15158.5486,,
"ISL","Iceland","B1_GA","Gross domestic product (output approach)","CXC","Current prices, current exchange rates","2012","2012","USD","US Dollar","6","Millions",,,14724.0783,,
"ISL","Iceland","B1_GA","Gross domestic product (output approach)","CXC","Current prices, current exchange rates","2013","2013","USD","US Dollar","6","Millions",,,16033.5175,,
"ISL","Iceland","B1_GA","Gross domestic product (output approach)","CXC","Current prices, current exchange rates","2014","2014","USD","US Dollar","6","Millions",,,17758.0893,,
"ISL","Iceland","B1_GA","Gross domestic product (output approach)","CXC","Current prices, current exchange rates","2015","2015","USD","US Dollar","6","Millions",,,17344.1659,,
"ISL","Iceland","B1_GA","Gross domestic product (output approach)","CXC","Current prices, current exchange rates","2016","2016","USD","US Dollar","6","Millions",,,20716.0248,,
"ISL","Iceland","B1_GA","Gross domestic product (output approach)","CXC","Current prices, current exchange rates","2017","2017","USD","US Dollar","6","Millions",,,24489.4935,"E","Estimated value"
"NLD","Netherlands","B1_GA","Gross domestic product (output approach)","CXC","Current prices, current exchange rates","2010","2010","USD","US Dollar","6","Millions",,,846554.8949,,
"NLD","Netherlands","B1_GA","Gross domestic product (output approach)","CXC","Current prices, current exchange rates","2011","2011","USD","US Dollar","6","Millions",,,904085.9808,,
"NLD","Netherlands","B1_GA","Gross domestic product (output approach)","CXC","Current prices, current exchange rates","2012","2012","USD","US Dollar","6","Millions",,,838971.307,,
"NLD","Netherlands","B1_GA","Gross domestic product (output approach)","CXC","Current prices, current exchange rates","2013","2013","USD","US Dollar","6","Millions",,,876923.5189,,
"NLD","Netherlands","B1_GA","Gross domestic product (output approach)","CXC","Current prices, current exchange rates","2014","2014","USD","US Dollar","6","Millions",,,890981.3111,,
"NLD","Netherlands","B1_GA","Gross domestic product (output approach)","CXC","Current prices, current exchange rates","2015","2015","USD","US Dollar","6","Millions",,,765264.9498,,
"NLD","Netherlands","B1_GA","Gross domestic product (output approach)","CXC","Current prices, current exchange rates","2016","2016","USD","US Dollar","6","Millions",,,783528.1817,,
"NLD","Netherlands","B1_GA","Gross domestic product (output approach)","CXC","Current prices, current exchange rates","2017","2017","USD","US Dollar","6","Millions",,,831809.945,,
"NLD","Netherlands","B1_GA","Gross domestic product (output approach)","CXC","Current prices, current exchange rates","2018","2018","USD","US Dollar","6","Millions",,,913658.4657,"P","Provisional value"
"NOR","Norway","B1_GA","Gross domestic product (output approach)","CXC","Current prices, current exchange rates","2010","2010","USD","US Dollar","6","Millions",,,428757.0385,,
"NOR","Norway","B1_GA","Gross domestic product (output approach)","CXC","Current prices, current exchange rates","2011","2011","USD","US Dollar","6","Millions",,,498283.4385,,
"NOR","Norway","B1_GA","Gross domestic product (output approach)","CXC","Current prices, current exchange rates","2012","2012","USD","US Dollar","6","Millions",,,509506.3171,,
"NOR","Norway","B1_GA","Gross domestic product (output approach)","CXC","Current prices, current exchange rates","2013","2013","USD","US Dollar","6","Millions",,,522761.5319,,
"NOR","Norway","B1_GA","Gross domestic product (output approach)","CXC","Current prices, current exchange rates","2014","2014","USD","US Dollar","6","Millions",,,498410.0503,,
"NOR","Norway","B1_GA","Gross domestic product (output approach)","CXC","Current prices, current exchange rates","2015","2015","USD","US Dollar","6","Millions",,,385801.5501,,
"NOR","Norway","B1_GA","Gross domestic product (output approach)","CXC","Current prices, current exchange rates","2016","2016","USD","US Dollar","6","Millions",,,368827.1429,,
"NOR","Norway","B1_GA","Gross domestic product (output approach)","CXC","Current prices, current exchange rates","2017","2017","USD","US Dollar","6","Millions",,,398393.9553,,
"NOR","Norway","B1_GA","Gross domestic product (output approach)","CXC","Current prices, current exchange rates","2018","2018","USD","US Dollar","6","Millions",,,434166.6154,,
"TUR","Turkey","B1_GA","Gross domestic product (output approach)","CXC","Current prices, current exchange rates","2010","2010","USD","US Dollar","6","Millions",,,771876.7912,,
"TUR","Turkey","B1_GA","Gross domestic product (output approach)","CXC","Current prices, current exchange rates","2011","2011","USD","US Dollar","6","Millions",,,832546.2708,,
"TUR","Turkey","B1_GA","Gross domestic product (output approach)","CXC","Current prices, current exchange rates","2012","2012","USD","US Dollar","6","Millions",,,873981.7865,,
"TUR","Turkey","B1_GA","Gross domestic product (output approach)","CXC","Current prices, current exchange rates","2013","2013","USD","US Dollar","6","Millions",,,950595.2703,,
"TUR","Turkey","B1_GA","Gross domestic product (output approach)","CXC","Current prices, current exchange rates","2014","2014","USD","US Dollar","6","Millions",,,934167.8093,,
"TUR","Turkey","B1_GA","Gross domestic product (output approach)","CXC","Current prices, current exchange rates","2015","2015","USD","US Dollar","6","Millions",,,859794.1771,,
"TUR","Turkey","B1_GA","Gross domestic product (output approach)","CXC","Current prices, current exchange rates","2016","2016","USD","US Dollar","6","Millions",,,863711.7104,,
"TUR","Turkey","B1_GA","Gross domestic product (output approach)","CXC","Current prices, current exchange rates","2017","2017","USD","US Dollar","6","Millions",,,852669.1505,,
"TUR","Turkey","B1_GA","Gross domestic product (output approach)","CXC","Current prices, current exchange rates","2018","2018","USD","US Dollar","6","Millions",,,771355.0996,,
"ITA","Italy","B1_GA","Gross domestic product (output approach)","CXC","Current prices, current exchange rates","2010","2010","USD","US Dollar","6","Millions",,,2134017.8432,,
"ITA","Italy","B1_GA","Gross domestic product (output approach)","CXC","Current prices, current exchange rates","2011","2011","USD","US Dollar","6","Millions",,,2291991.0458,,
"ITA","Italy","B1_GA","Gross domestic product (output approach)","CXC","Current prices, current exchange rates","2012","2012","USD","US Dollar","6","Millions",,,2087077.0324,,
"ITA","Italy","B1_GA","Gross domestic product (output approach)","CXC","Current prices, current exchange rates","2013","2013","USD","US Dollar","6","Millions",,,2141315.3273,,
"ITA","Italy","B1_GA","Gross domestic product (output approach)","CXC","Current prices, current exchange rates","2014","2014","USD","US Dollar","6","Millions",,,2159133.9197,,
"ITA","Italy","B1_GA","Gross domestic product (output approach)","CXC","Current prices, current exchange rates","2015","2015","USD","US Dollar","6","Millions",,,1835899.2373,,
"ITA","Italy","B1_GA","Gross domestic product (output approach)","CXC","Current prices, current exchange rates","2016","2016","USD","US Dollar","6","Millions",,,1875579.8835,,
"ITA","Italy","B1_GA","Gross domestic product (output approach)","CXC","Current prices, current exchange rates","2017","2017","USD","US Dollar","6","Millions",,,1956960.6117,,
"ITA","Italy","B1_GA","Gross domestic product (output approach)","CXC","Current prices, current exchange rates","2018","2018","USD","US Dollar","6","Millions",,,2083864.2596,,
"USA","United States","B1_GA","Gross domestic product (output approach)","CXC","Current prices, current exchange rates","2010","2010","USD","US Dollar","6","Millions",,,14992052.727,,
"USA","United States","B1_GA","Gross domestic product (output approach)","CXC","Current prices, current exchange rates","2011","2011","USD","US Dollar","6","Millions",,,15542581.104,,
"USA","United States","B1_GA","Gross domestic product (output approach)","CXC","Current prices, current exchange rates","2012","2012","USD","US Dollar","6","Millions",,,16197007.349,,
"USA","United States","B1_GA","Gross domestic product (output approach)","CXC","Current prices, current exchange rates","2013","2013","USD","US Dollar","6","Millions",,,16784849.19,,
"USA","United States","B1_GA","Gross domestic product (output approach)","CXC","Current prices, current exchange rates","2014","2014","USD","US Dollar","6","Millions",,,17521746.534,,
"USA","United States","B1_GA","Gross domestic product (output approach)","CXC","Current prices, current exchange rates","2015","2015","USD","US Dollar","6","Millions",,,18219297.584,,
"USA","United States","B1_GA","Gross domestic product (output approach)","CXC","Current prices, current exchange rates","2016","2016","USD","US Dollar","6","Millions",,,18707188.235,,
"USA","United States","B1_GA","Gross domestic product (output approach)","CXC","Current prices, current exchange rates","2017","2017","USD","US Dollar","6","Millions",,,19485393.853,,
"EU28","European Union (28 countries)","B1_GA","Gross domestic product (output approach)","CXC","Current prices, current exchange rates","2010","2010","USD","US Dollar","6","Millions",,,16987057.76,,
"EU28","European Union (28 countries)","B1_GA","Gross domestic product (output approach)","CXC","Current prices, current exchange rates","2011","2011","USD","US Dollar","6","Millions",,,18360534.6801,,
"EU28","European Union (28 countries)","B1_GA","Gross domestic product (output approach)","CXC","Current prices, current exchange rates","2012","2012","USD","US Dollar","6","Millions",,,17308760.1417,,
"EU28","European Union (28 countries)","B1_GA","Gross domestic product (output approach)","CXC","Current prices, current exchange rates","2013","2013","USD","US Dollar","6","Millions",,,18033160.5777,,
"EU28","European Union (28 countries)","B1_GA","Gross domestic product (output approach)","CXC","Current prices, current exchange rates","2014","2014","USD","US Dollar","6","Millions",,,18654434.6115,,
"EU28","European Union (28 countries)","B1_GA","Gross domestic product (output approach)","CXC","Current prices, current exchange rates","2015","2015","USD","US Dollar","6","Millions",,,16425620.7751,,
"EU28","European Union (28 countries)","B1_GA","Gross domestic product (output approach)","CXC","Current prices, current exchange rates","2016","2016","USD","US Dollar","6","Millions",,,16522146.8327,,
"EU28","European Union (28 countries)","B1_GA","Gross domestic product (output approach)","CXC","Current prices, current exchange rates","2017","2017","USD","US Dollar","6","Millions",,,17310203.4165,,
"EU28","European Union (28 countries)","B1_GA","Gross domestic product (output approach)","CXC","Current prices, current exchange rates","2018","2018","USD","US Dollar","6","Millions",,,18707293.4768,,
"ISR","Israel","B1_GA","Gross domestic product (output approach)","CXC","Current prices, current exchange rates","2010","2010","USD","US Dollar","6","Millions",,,233732.9263,,
"ISR","Israel","B1_GA","Gross domestic product (output approach)","CXC","Current prices, current exchange rates","2011","2011","USD","US Dollar","6","Millions",,,261716.8807,,
"ISR","Israel","B1_GA","Gross domestic product (output approach)","CXC","Current prices, current exchange rates","2012","2012","USD","US Dollar","6","Millions",,,257435.002,,
"ISR","Israel","B1_GA","Gross domestic product (output approach)","CXC","Current prices, current exchange rates","2013","2013","USD","US Dollar","6","Millions",,,292917.0109,,
"ISR","Israel","B1_GA","Gross domestic product (output approach)","CXC","Current prices, current exchange rates","2014","2014","USD","US Dollar","6","Millions",,,310007.8794,,
"ISR","Israel","B1_GA","Gross domestic product (output approach)","CXC","Current prices, current exchange rates","2015","2015","USD","US Dollar","6","Millions",,,300470.7904,,
"ISR","Israel","B1_GA","Gross domestic product (output approach)","CXC","Current prices, current exchange rates","2016","2016","USD","US Dollar","6","Millions",,,319377.9236,,
"ISR","Israel","B1_GA","Gross domestic product (output approach)","CXC","Current prices, current exchange rates","2017","2017","USD","US Dollar","6","Millions",,,353268.4119,,
"BRA","Brazil","B1_GA","Gross domestic product (output approach)","CXC","Current prices, current exchange rates","2010","2010","USD","US Dollar","6","Millions",,,2208838.1086,,
"BRA","Brazil","B1_GA","Gross domestic product (output approach)","CXC","Current prices, current exchange rates","2011","2011","USD","US Dollar","6","Millions",,,2616156.6067,,
"BRA","Brazil","B1_GA","Gross domestic product (output approach)","CXC","Current prices, current exchange rates","2012","2012","USD","US Dollar","6","Millions",,,2465228.2939,,
"BRA","Brazil","B1_GA","Gross domestic product (output approach)","CXC","Current prices, current exchange rates","2013","2013","USD","US Dollar","6","Millions",,,2472819.3623,,
"BRA","Brazil","B1_GA","Gross domestic product (output approach)","CXC","Current prices, current exchange rates","2014","2014","USD","US Dollar","6","Millions",,,2456043.7661,,
"BRA","Brazil","B1_GA","Gross domestic product (output approach)","CXC","Current prices, current exchange rates","2015","2015","USD","US Dollar","6","Millions",,,1802211.9996,,
"BRA","Brazil","B1_GA","Gross domestic product (output approach)","CXC","Current prices, current exchange rates","2016","2016","USD","US Dollar","6","Millions",,,1795085.1852,,
